board,pct_chg,vol_ratio,limit_up,leaders
BANK,0.0025674765708496583,1.381316221421836,0,"000002,000001"
